{
    "Application": {
        "Organization": "CITM - UPC",
        "Title": "Broken Engine"
    },
    "EditorUI": {
        "About": false,
        "Build": false,
        "Console": true,
        "Hierarchy": true,
        "Inspector": true,
        "Physics": true,
        "Project": true,
        "Resources": true,
        "Scene": true,
        "Settings": false,
        "ShaderEditor": false,
        "Toolbar": true
    },
    "Window": {
        "borderless": false,
        "fullscreen": false,
        "fullscreenDesktop": false,
        "height": 810,
        "resizable": true,
        "width": 1440
    }
}
