{
 "PluginInfo": {
  "Project": "Music",
  "Platform": "Windows",
  "BasePlatform": "Windows",
  "Plugins": {
   "Plugin": {
    "Name": "Wwise Delay",
    "ID": "6946819",
    "DLL": "AkDelay"
   },
   "Plugin": {
    "Name": "Wwise RoomVerb",
    "ID": "7733251",
    "DLL": "AkRoomVerb"
   },
   "Plugin": {
    "Name": "System",
    "ID": "11403271",
    "DLL": "DefaultSink"
   },
   "Plugin": {
    "Name": "No Output",
    "ID": "11862023",
    "DLL": "DefaultSink"
   }
  }
 }
}