<?xml version="1.0" encoding="utf-8"?>
<SoundBanksInfo Platform="Windows" BasePlatform="Windows" SchemaVersion="11" SoundbankVersion="134">
	<RootPaths>
		<ProjectRoot>C:\Users\Jacobo_G\Desktop\wwiseProject\</ProjectRoot>
		<SourceFilesRoot>C:\Users\Jacobo_G\Desktop\wwiseProject\.cache\Windows\</SourceFilesRoot>
		<SoundBanksRoot>C:\Users\Jacobo_G\Documents\GitHub\Broken-Engine\Broken Engine\Game\Assets\Sounds\</SoundBanksRoot>
		<ExternalSourcesInputFile></ExternalSourcesInputFile>
		<ExternalSourcesOutputRoot>C:\Users\Jacobo_G\Desktop\wwiseProject\GeneratedSoundBanks\Windows</ExternalSourcesOutputRoot>
	</RootPaths>
	<DialogueEvents/>
	<StreamedFiles/>
	<MediaFilesNotInAnyBank/>
	<SoundBanks>
		<SoundBank Id="1355168291" Language="SFX">
			<ObjectPath>Init</ObjectPath>
			<ShortName>Init</ShortName>
			<Path>Init.bnk</Path>
		</SoundBank>
		<SoundBank Id="3161908922" Language="SFX">
			<ObjectPath>\SoundBanks\Default Work Unit\Main</ObjectPath>
			<ShortName>Main</ShortName>
			<Path>Main.bnk</Path>
			<IncludedEvents>
				<Event Id="3764996949" Name="Geralt_Attack" ObjectPath="\Events\Default Work Unit\Geralt_Attack"/>
				<Event Id="136547680" Name="Geralt_Run" ObjectPath="\Events\Default Work Unit\Geralt_Run"/>
			</IncludedEvents>
			<IncludedMemoryFiles>
				<File Id="111138450" Language="SFX">
					<ShortName>Geralt_Run.wav</ShortName>
					<Path>SFX\Geralt_Run_10C4C929.wem</Path>
				</File>
				<File Id="630682896" Language="SFX">
					<ShortName>Geralt_Attack2.wav</ShortName>
					<Path>SFX\Geralt_Attack2_10C4C929.wem</Path>
				</File>
			</IncludedMemoryFiles>
		</SoundBank>
	</SoundBanks>
</SoundBanksInfo>
