{
 "SoundBanksInfo": {
  "Platform": "Windows",
  "BasePlatform": "Windows",
  "SchemaVersion": "11",
  "SoundbankVersion": "134",
  "RootPaths": {
   "ProjectRoot": "C:\\Users\\Jacobo_G\\Desktop\\wwiseProject\\",
   "SourceFilesRoot": "C:\\Users\\Jacobo_G\\Desktop\\wwiseProject\\.cache\\Windows\\",
   "SoundBanksRoot": "C:\\Users\\Jacobo_G\\Documents\\GitHub\\Broken-Engine\\Broken Engine\\Game\\Assets\\Sounds\\",
   "ExternalSourcesInputFile": "",
   "ExternalSourcesOutputRoot": "C:\\Users\\Jacobo_G\\Desktop\\wwiseProject\\GeneratedSoundBanks\\Windows"
  },
  "DialogueEvents": [],
  "StreamedFiles": [],
  "MediaFilesNotInAnyBank": [],
  "SoundBanks": [
   {
    "Id": "1355168291",
    "Language": "SFX",
    "ObjectPath": "Init",
    "ShortName": "Init",
    "Path": "Init.bnk"
   },
   {
    "Id": "3161908922",
    "Language": "SFX",
    "ObjectPath": "\\SoundBanks\\Default Work Unit\\Main",
    "ShortName": "Main",
    "Path": "Main.bnk",
    "IncludedEvents": [
     {
      "Id": "3764996949",
      "Name": "Geralt_Attack",
      "ObjectPath": "\\Events\\Default Work Unit\\Geralt_Attack"
     },
     {
      "Id": "136547680",
      "Name": "Geralt_Run",
      "ObjectPath": "\\Events\\Default Work Unit\\Geralt_Run"
     }
    ],
    "IncludedMemoryFiles": [
     {
      "Id": "111138450",
      "Language": "SFX",
      "ShortName": "Geralt_Run.wav",
      "Path": "SFX\\Geralt_Run_10C4C929.wem"
     },
     {
      "Id": "630682896",
      "Language": "SFX",
      "ShortName": "Geralt_Attack2.wav",
      "Path": "SFX\\Geralt_Attack2_10C4C929.wem"
     }
    ]
   }
  ]
 }
}